{
  "Disabled": false,
  "Testing": false,
  "ScheduledForDeletion": false,
  "InstalledFromUrl": null,
  "WorkingPluginId": "6c5f9a2d-1b4e-48f3-9d7c-0a2e8f3b1c4d",
  "IsThirdParty": false,
  "EffectiveVersion": "7.3.5.6",
  "Author": "John Smith",
  "Name": "NewFolder3",
  "Punchline": "新增資料夾3",
  "Description": "It's the NEW FOLDER III!",
  "Changelog": "",
  "Tags": [
  ],
  "CategoryTags": null,
  "IsHide": false,
  "InternalName": "NewFolder3",
  "AssemblyVersion": "7.3.5.6",
  "TestingAssemblyVersion": null,
  "IsTestingExclusive": false,
  "RepoUrl": "",
  "ApplicableVersion": "any",
  "DalamudApiLevel": 13,
  "DownloadCount": 1,
  "LastUpdate": 1710602700,
  "DownloadLinkInstall": "",
  "DownloadLinkUpdate": null,
  "DownloadLinkTesting": null,
  "LoadRequiredState": 0,
  "LoadSync": false,
  "LoadPriority": 0,
  "CanUnloadAsync": false,
  "SupportsProfiles": true,
  "ImageUrls": null,
  "IconUrl": null,
  "AcceptsFeedback": true,
  "FeedbackMessage": null,
  "_Dip17Channel": null
}